source,table_version,age,male_qx,female_qx
KIDI,9,0,0.00156,0.00145
KIDI,9,5,0.00004,0.00004
KIDI,9,10,0.00003,0.00003
KIDI,9,15,0.00014,0.00010
KIDI,9,20,0.00028,0.00020
KIDI,9,25,0.00039,0.00024
KIDI,9,30,0.00045,0.00026
KIDI,9,35,0.00053,0.00035
KIDI,9,40,0.00065,0.00043
KIDI,9,45,0.00093,0.00055
KIDI,9,50,0.00141,0.00077
KIDI,9,55,0.00216,0.00105
KIDI,9,60,0.00339,0.00139
KIDI,9,65,0.00557,0.00208
KIDI,9,70,0.00935,0.00353
KIDI,9,75,0.01707,0.00729
KIDI,9,80,0.03200,0.01674
KIDI,9,85,0.05303,0.03430
KIDI,9,90,0.08724,0.06960
KIDI,9,95,0.13538,0.13291
KIDI,9,100,0.20670,0.20402
