source,year,sex,age_label,qx,note
MODS_KOSIS,2024,M,50,0.00284,
MODS_KOSIS,2024,M,51,0.00309,
MODS_KOSIS,2024,M,52,0.00335,
MODS_KOSIS,2024,M,53,0.00365,
MODS_KOSIS,2024,M,54,0.00400,
MODS_KOSIS,2024,M,55,0.00439,
MODS_KOSIS,2024,M,56,0.00477,
MODS_KOSIS,2024,M,57,0.00513,
MODS_KOSIS,2024,M,58,0.00553,
MODS_KOSIS,2024,M,59,0.00596,
MODS_KOSIS,2024,M,60,0.00645,
MODS_KOSIS,2024,M,61,0.00699,
MODS_KOSIS,2024,M,62,0.00759,
MODS_KOSIS,2024,M,63,0.00819,
MODS_KOSIS,2024,M,64,0.00878,
MODS_KOSIS,2024,M,65,0.00941,
MODS_KOSIS,2024,M,66,0.01020,
MODS_KOSIS,2024,M,67,0.01117,
MODS_KOSIS,2024,M,68,0.01229,
MODS_KOSIS,2024,M,69,0.01364,
MODS_KOSIS,2024,M,70,0.01523,
MODS_KOSIS,2024,M,71,0.01705,
MODS_KOSIS,2024,M,72,0.01910,
MODS_KOSIS,2024,M,73,0.02120,
MODS_KOSIS,2024,M,74,0.02360,
MODS_KOSIS,2024,M,75,0.02609,
MODS_KOSIS,2024,M,76,0.02895,
MODS_KOSIS,2024,M,77,0.03224,
MODS_KOSIS,2024,M,78,0.03632,
MODS_KOSIS,2024,M,79,0.04188,
MODS_KOSIS,2024,M,80,0.04870,
MODS_KOSIS,2024,M,81,0.05645,
MODS_KOSIS,2024,M,82,0.06476,
MODS_KOSIS,2024,M,83,0.07352,
MODS_KOSIS,2024,M,84,0.08355,
MODS_KOSIS,2024,M,85,0.09463,
MODS_KOSIS,2024,M,86,0.10678,
MODS_KOSIS,2024,M,87,0.12003,
MODS_KOSIS,2024,M,88,0.13441,
MODS_KOSIS,2024,M,89,0.14993,
MODS_KOSIS,2024,M,90,0.16661,
MODS_KOSIS,2024,M,91,0.18444,
MODS_KOSIS,2024,M,92,0.20340,
MODS_KOSIS,2024,M,93,0.22346,
MODS_KOSIS,2024,M,94,0.24455,
MODS_KOSIS,2024,M,95,0.26662,
MODS_KOSIS,2024,M,96,0.28957,
MODS_KOSIS,2024,M,97,0.31330,
MODS_KOSIS,2024,M,98,0.33768,
MODS_KOSIS,2024,M,99,0.36256,
MODS_KOSIS,2024,M,100+,1.00000,open-ended terminal interval
MODS_KOSIS,2024,F,50,0.00136,
MODS_KOSIS,2024,F,51,0.00146,
MODS_KOSIS,2024,F,52,0.00155,
MODS_KOSIS,2024,F,53,0.00162,
MODS_KOSIS,2024,F,54,0.00168,
MODS_KOSIS,2024,F,55,0.00174,
MODS_KOSIS,2024,F,56,0.00183,
MODS_KOSIS,2024,F,57,0.00194,
MODS_KOSIS,2024,F,58,0.00207,
MODS_KOSIS,2024,F,59,0.00218,
MODS_KOSIS,2024,F,60,0.00230,
MODS_KOSIS,2024,F,61,0.00247,
MODS_KOSIS,2024,F,62,0.00270,
MODS_KOSIS,2024,F,63,0.00299,
MODS_KOSIS,2024,F,64,0.00328,
MODS_KOSIS,2024,F,65,0.00355,
MODS_KOSIS,2024,F,66,0.00386,
MODS_KOSIS,2024,F,67,0.00423,
MODS_KOSIS,2024,F,68,0.00471,
MODS_KOSIS,2024,F,69,0.00531,
MODS_KOSIS,2024,F,70,0.00599,
MODS_KOSIS,2024,F,71,0.00678,
MODS_KOSIS,2024,F,72,0.00770,
MODS_KOSIS,2024,F,73,0.00876,
MODS_KOSIS,2024,F,74,0.01008,
MODS_KOSIS,2024,F,75,0.01156,
MODS_KOSIS,2024,F,76,0.01335,
MODS_KOSIS,2024,F,77,0.01547,
MODS_KOSIS,2024,F,78,0.01812,
MODS_KOSIS,2024,F,79,0.02152,
MODS_KOSIS,2024,F,80,0.02558,
MODS_KOSIS,2024,F,81,0.03030,
MODS_KOSIS,2024,F,82,0.03585,
MODS_KOSIS,2024,F,83,0.04217,
MODS_KOSIS,2024,F,84,0.04959,
MODS_KOSIS,2024,F,85,0.05787,
MODS_KOSIS,2024,F,86,0.06720,
MODS_KOSIS,2024,F,87,0.07764,
MODS_KOSIS,2024,F,88,0.08924,
MODS_KOSIS,2024,F,89,0.10206,
MODS_KOSIS,2024,F,90,0.11613,
MODS_KOSIS,2024,F,91,0.13147,
MODS_KOSIS,2024,F,92,0.14809,
MODS_KOSIS,2024,F,93,0.16596,
MODS_KOSIS,2024,F,94,0.18505,
MODS_KOSIS,2024,F,95,0.20529,
MODS_KOSIS,2024,F,96,0.22660,
MODS_KOSIS,2024,F,97,0.24885,
MODS_KOSIS,2024,F,98,0.27190,
MODS_KOSIS,2024,F,99,0.29559,
MODS_KOSIS,2024,F,100+,1.00000,open-ended terminal interval
