연령별,사망확률(남자),사망확률(여자)
0세,0.00261,0.00214
1세,0.00024,0.00024
2세,0.00018,0.00016
3세,0.00013,0.00010
4세,0.00010,0.00008
5세,0.00009,0.00008
6세,0.00008,0.00008
7세,0.00007,0.00008
8세,0.00006,0.00006
9세,0.00006,0.00005
10세,0.00008,0.00005
11세,0.00009,0.00006
12세,0.00012,0.00008
13세,0.00014,0.00011
14세,0.00016,0.00014
15세,0.00018,0.00016
16세,0.00022,0.00019
17세,0.00025,0.00022
18세,0.00028,0.00025
19세,0.00030,0.00026
20세,0.00032,0.00027
21세,0.00035,0.00028
22세,0.00038,0.00030
23세,0.00043,0.00031
24세,0.00047,0.00031
25세,0.00051,0.00031
26세,0.00055,0.00033
27세,0.00059,0.00035
28세,0.00062,0.00038
29세,0.00065,0.00040
30세,0.00068,0.00041
31세,0.00071,0.00041
32세,0.00074,0.00042
33세,0.00077,0.00043
34세,0.00079,0.00045
35세,0.00083,0.00048
36세,0.00089,0.00052
37세,0.00097,0.00058
38세,0.00106,0.00064
39세,0.00115,0.00072
40세,0.00123,0.00078
41세,0.00133,0.00083
42세,0.00143,0.00086
43세,0.00154,0.00088
44세,0.00167,0.00090
45세,0.00181,0.00094
46세,0.00196,0.00102
47세,0.00214,0.00111
48세,0.00236,0.00120
49세,0.00259,0.00128
50세,0.00284,0.00136
51세,0.00309,0.00146
52세,0.00335,0.00155
53세,0.00365,0.00162
54세,0.00400,0.00168
55세,0.00439,0.00174
56세,0.00477,0.00183
57세,0.00513,0.00194
58세,0.00553,0.00207
59세,0.00596,0.00218
60세,0.00645,0.00230
61세,0.00699,0.00247
62세,0.00759,0.00270
63세,0.00819,0.00299
64세,0.00878,0.00328
65세,0.00941,0.00355
66세,0.01020,0.00386
67세,0.01117,0.00423
68세,0.01229,0.00471
69세,0.01364,0.00531
70세,0.01523,0.00599
71세,0.01705,0.00678
72세,0.01910,0.00770
73세,0.02120,0.00876
74세,0.02360,0.01008
75세,0.02609,0.01156
76세,0.02895,0.01335
77세,0.03224,0.01547
78세,0.03632,0.01812
79세,0.04188,0.02152
80세,0.04870,0.02558
81세,0.05645,0.03030
82세,0.06476,0.03585
83세,0.07352,0.04217
84세,0.08355,0.04959
85세,0.09463,0.05787
86세,0.10678,0.06720
87세,0.12003,0.07764
88세,0.13441,0.08924
89세,0.14993,0.10206
90세,0.16661,0.11613
91세,0.18444,0.13147
92세,0.20340,0.14809
93세,0.22346,0.16596
94세,0.24455,0.18505
95세,0.26662,0.20529
96세,0.28957,0.22660
97세,0.31330,0.24885
98세,0.33768,0.27190
99세,0.36256,0.29559
100세이상,1.00000,1.00000
