year,sex,age,qx,px,lx,dx
2024,M,0,0.00261,0.99739,100000.000000,261.000000
2024,M,1,0.00024,0.99976,99739.000000,23.937360
2024,M,2,0.00018,0.99982,99715.062640,17.948711
2024,M,3,0.00013,0.99987,99697.113929,12.960625
2024,M,4,0.00010,0.99990,99684.153304,9.968415
2024,M,5,0.00009,0.99991,99674.184889,8.970677
2024,M,6,0.00008,0.99992,99665.214212,7.973217
2024,M,7,0.00007,0.99993,99657.240995,6.976007
2024,M,8,0.00006,0.99994,99650.264988,5.979016
2024,M,9,0.00006,0.99994,99644.285972,5.978657
2024,M,10,0.00008,0.99992,99638.307315,7.971065
2024,M,11,0.00009,0.99991,99630.336250,8.966730
2024,M,12,0.00012,0.99988,99621.369520,11.954564
2024,M,13,0.00014,0.99986,99609.414956,13.945318
2024,M,14,0.00016,0.99984,99595.469638,15.935275
2024,M,15,0.00018,0.99982,99579.534362,17.924316
2024,M,16,0.00022,0.99978,99561.610046,21.903554
2024,M,17,0.00025,0.99975,99539.706492,24.884927
2024,M,18,0.00028,0.99972,99514.821565,27.864150
2024,M,19,0.00030,0.99970,99486.957415,29.846087
2024,M,20,0.00032,0.99968,99457.111328,31.826276
2024,M,21,0.00035,0.99965,99425.285053,34.798850
2024,M,22,0.00038,0.99962,99390.486203,37.768385
2024,M,23,0.00043,0.99957,99352.717818,42.721669
2024,M,24,0.00047,0.99953,99309.996149,46.675698
2024,M,25,0.00051,0.99949,99263.320451,50.624293
2024,M,26,0.00055,0.99945,99212.696158,54.566983
2024,M,27,0.00059,0.99941,99158.129175,58.503296
2024,M,28,0.00062,0.99938,99099.625879,61.441768
2024,M,29,0.00065,0.99935,99038.184111,64.374820
2024,M,30,0.00068,0.99932,98973.809291,67.302190
2024,M,31,0.00071,0.99929,98906.507101,70.223620
2024,M,32,0.00074,0.99926,98836.283481,73.138850
2024,M,33,0.00077,0.99923,98763.144631,76.047621
2024,M,34,0.00079,0.99921,98687.097009,77.962807
2024,M,35,0.00083,0.99917,98609.134203,81.845581
2024,M,36,0.00089,0.99911,98527.288621,87.689287
2024,M,37,0.00097,0.99903,98439.599335,95.486411
2024,M,38,0.00106,0.99894,98344.112923,104.244760
2024,M,39,0.00115,0.99885,98239.868163,112.975848
2024,M,40,0.00123,0.99877,98126.892315,120.696078
2024,M,41,0.00133,0.99867,98006.196238,130.348241
2024,M,42,0.00143,0.99857,97875.847997,139.962463
2024,M,43,0.00154,0.99846,97735.885534,150.513264
2024,M,44,0.00167,0.99833,97585.372270,162.967572
2024,M,45,0.00181,0.99819,97422.404698,176.334553
2024,M,46,0.00196,0.99804,97246.070146,190.602297
2024,M,47,0.00214,0.99786,97055.467849,207.698701
2024,M,48,0.00236,0.99764,96847.769147,228.560735
2024,M,49,0.00259,0.99741,96619.208412,250.243750
2024,M,50,0.00284,0.99716,96368.964662,273.687860
2024,M,51,0.00309,0.99691,96095.276803,296.934405
2024,M,52,0.00335,0.99665,95798.342397,320.924447
2024,M,53,0.00365,0.99635,95477.417950,348.492576
2024,M,54,0.00400,0.99600,95128.925375,380.515701
2024,M,55,0.00439,0.99561,94748.409673,415.945518
2024,M,56,0.00477,0.99523,94332.464155,449.965854
2024,M,57,0.00513,0.99487,93882.498301,481.617216
2024,M,58,0.00553,0.99447,93400.881085,516.506872
2024,M,59,0.00596,0.99404,92884.374212,553.590870
2024,M,60,0.00645,0.99355,92330.783342,595.533553
2024,M,61,0.00699,0.99301,91735.249789,641.229396
2024,M,62,0.00759,0.99241,91094.020393,691.403615
2024,M,63,0.00819,0.99181,90402.616778,740.397431
2024,M,64,0.00878,0.99122,89662.219347,787.234286
2024,M,65,0.00941,0.99059,88874.985061,836.313609
2024,M,66,0.01020,0.98980,88038.671452,897.994449
2024,M,67,0.01117,0.98883,87140.677003,973.361362
2024,M,68,0.01229,0.98771,86167.315641,1058.996309
2024,M,69,0.01364,0.98636,85108.319332,1160.877476
2024,M,70,0.01523,0.98477,83947.441856,1278.519539
2024,M,71,0.01705,0.98295,82668.922316,1409.505125
2024,M,72,0.01910,0.98090,81259.417191,1552.054868
2024,M,73,0.02120,0.97880,79707.362323,1689.796081
2024,M,74,0.02360,0.97640,78017.566241,1841.214563
2024,M,75,0.02609,0.97391,76176.351678,1987.441015
2024,M,76,0.02895,0.97105,74188.910663,2147.768964
2024,M,77,0.03224,0.96776,72041.141699,2322.606408
2024,M,78,0.03632,0.96368,69718.535291,2532.177202
2024,M,79,0.04188,0.95812,67186.358089,2813.764677
2024,M,80,0.04870,0.95130,64372.593412,3134.945299
2024,M,81,0.05645,0.94355,61237.648113,3456.865236
2024,M,82,0.06476,0.93524,57780.782877,3741.883499
2024,M,83,0.07352,0.92648,54038.899378,3972.939882
2024,M,84,0.08355,0.91645,50065.959496,4183.010916
2024,M,85,0.09463,0.90537,45882.948580,4341.903424
2024,M,86,0.10678,0.89322,41541.045156,4435.752802
2024,M,87,0.12003,0.87997,37105.292354,4453.748241
2024,M,88,0.13441,0.86559,32651.544113,4388.694044
2024,M,89,0.14993,0.85007,28262.850069,4237.449111
2024,M,90,0.16661,0.83339,24025.400958,4002.872054
2024,M,91,0.18444,0.81556,20022.528904,3692.955231
2024,M,92,0.20340,0.79660,16329.573673,3321.435285
2024,M,93,0.22346,0.77654,13008.138388,2906.798604
2024,M,94,0.24455,0.75545,10101.339784,2470.282644
2024,M,95,0.26662,0.73338,7631.057140,2034.592455
2024,M,96,0.28957,0.71043,5596.464685,1620.568279
2024,M,97,0.31330,0.68670,3975.896406,1245.648344
2024,M,98,0.33768,0.66232,2730.248062,921.950166
2024,M,99,0.36256,0.63744,1808.297897,655.616485
2024,F,0,0.00214,0.99786,100000.000000,214.000000
2024,F,1,0.00024,0.99976,99786.000000,23.948640
2024,F,2,0.00016,0.99984,99762.051360,15.961928
2024,F,3,0.00010,0.99990,99746.089432,9.974609
2024,F,4,0.00008,0.99992,99736.114823,7.978889
2024,F,5,0.00008,0.99992,99728.135934,7.978251
2024,F,6,0.00008,0.99992,99720.157683,7.977613
2024,F,7,0.00008,0.99992,99712.180070,7.976974
2024,F,8,0.00006,0.99994,99704.203096,5.982252
2024,F,9,0.00005,0.99995,99698.220844,4.984911
2024,F,10,0.00005,0.99995,99693.235933,4.984662
2024,F,11,0.00006,0.99994,99688.251271,5.981295
2024,F,12,0.00008,0.99992,99682.269976,7.974582
2024,F,13,0.00011,0.99989,99674.295394,10.964172
2024,F,14,0.00014,0.99986,99663.331222,13.952866
2024,F,15,0.00016,0.99984,99649.378355,15.943901
2024,F,16,0.00019,0.99981,99633.434455,18.930353
2024,F,17,0.00022,0.99978,99614.504102,21.915191
2024,F,18,0.00025,0.99975,99592.588911,24.898147
2024,F,19,0.00026,0.99974,99567.690764,25.887600
2024,F,20,0.00027,0.99973,99541.803164,26.876287
2024,F,21,0.00028,0.99972,99514.926878,27.864180
2024,F,22,0.00030,0.99970,99487.062698,29.846119
2024,F,23,0.00031,0.99969,99457.216579,30.831737
2024,F,24,0.00031,0.99969,99426.384842,30.822179
2024,F,25,0.00031,0.99969,99395.562663,30.812624
2024,F,26,0.00033,0.99967,99364.750038,32.790368
2024,F,27,0.00035,0.99965,99331.959671,34.766186
2024,F,28,0.00038,0.99962,99297.193485,37.732934
2024,F,29,0.00040,0.99960,99259.460551,39.703784
2024,F,30,0.00041,0.99959,99219.756767,40.680100
2024,F,31,0.00041,0.99959,99179.076667,40.663421
2024,F,32,0.00042,0.99958,99138.413245,41.638134
2024,F,33,0.00043,0.99957,99096.775112,42.611613
2024,F,34,0.00045,0.99955,99054.163499,44.574374
2024,F,35,0.00048,0.99952,99009.589125,47.524603
2024,F,36,0.00052,0.99948,98962.064522,51.460274
2024,F,37,0.00058,0.99942,98910.604249,57.368150
2024,F,38,0.00064,0.99936,98853.236098,63.266071
2024,F,39,0.00072,0.99928,98789.970027,71.128778
2024,F,40,0.00078,0.99922,98718.841249,77.000696
2024,F,41,0.00083,0.99917,98641.840553,81.872728
2024,F,42,0.00086,0.99914,98559.967825,84.761572
2024,F,43,0.00088,0.99912,98475.206253,86.658182
2024,F,44,0.00090,0.99910,98388.548071,88.549693
2024,F,45,0.00094,0.99906,98299.998378,92.401998
2024,F,46,0.00102,0.99898,98207.596379,100.171748
2024,F,47,0.00111,0.99889,98107.424631,108.899241
2024,F,48,0.00120,0.99880,97998.525390,117.598230
2024,F,49,0.00128,0.99872,97880.927159,125.287587
2024,F,50,0.00136,0.99864,97755.639572,132.947670
2024,F,51,0.00146,0.99854,97622.691903,142.529130
2024,F,52,0.00155,0.99845,97480.162772,151.094252
2024,F,53,0.00162,0.99838,97329.068520,157.673091
2024,F,54,0.00168,0.99832,97171.395429,163.247944
2024,F,55,0.00174,0.99826,97008.147485,168.794177
2024,F,56,0.00183,0.99817,96839.353308,177.216017
2024,F,57,0.00194,0.99806,96662.137292,187.524546
2024,F,58,0.00207,0.99793,96474.612745,199.702448
2024,F,59,0.00218,0.99782,96274.910297,209.879304
2024,F,60,0.00230,0.99770,96065.030992,220.949571
2024,F,61,0.00247,0.99753,95844.081421,236.734881
2024,F,62,0.00270,0.99730,95607.346540,258.139836
2024,F,63,0.00299,0.99701,95349.206704,285.094128
2024,F,64,0.00328,0.99672,95064.112576,311.810289
2024,F,65,0.00355,0.99645,94752.302287,336.370673
2024,F,66,0.00386,0.99614,94415.931614,364.445496
2024,F,67,0.00423,0.99577,94051.486118,397.837786
2024,F,68,0.00471,0.99529,93653.648332,441.108684
2024,F,69,0.00531,0.99469,93212.539648,494.958586
2024,F,70,0.00599,0.99401,92717.581063,555.378311
2024,F,71,0.00678,0.99322,92162.202752,624.859735
2024,F,72,0.00770,0.99230,91537.343017,704.837541
2024,F,73,0.00876,0.99124,90832.505476,795.692748
2024,F,74,0.01008,0.98992,90036.812728,907.571072
2024,F,75,0.01156,0.98844,89129.241656,1030.334034
2024,F,76,0.01335,0.98665,88098.907622,1176.120417
2024,F,77,0.01547,0.98453,86922.787205,1344.695518
2024,F,78,0.01812,0.98188,85578.091687,1550.675021
2024,F,79,0.02152,0.97848,84027.416666,1808.270007
2024,F,80,0.02558,0.97442,82219.146659,2103.165772
2024,F,81,0.03030,0.96970,80115.980888,2427.514221
2024,F,82,0.03585,0.96415,77688.466667,2785.131530
2024,F,83,0.04217,0.95783,74903.335137,3158.673643
2024,F,84,0.04959,0.95041,71744.661494,3557.817763
2024,F,85,0.05787,0.94213,68186.843731,3945.972647
2024,F,86,0.06720,0.93280,64240.871084,4316.986537
2024,F,87,0.07764,0.92236,59923.884547,4652.490396
2024,F,88,0.08924,0.91076,55271.394151,4932.419214
2024,F,89,0.10206,0.89794,50338.974937,5137.595782
2024,F,90,0.11613,0.88387,45201.379155,5249.236161
2024,F,91,0.13147,0.86853,39952.142994,5252.508239
2024,F,92,0.14809,0.85191,34699.634754,5138.668911
2024,F,93,0.16596,0.83404,29560.965843,4905.937891
2024,F,94,0.18505,0.81495,24655.027952,4562.412923
2024,F,95,0.20529,0.79471,20092.615030,4124.812939
2024,F,96,0.22660,0.77340,15967.802090,3618.303954
2024,F,97,0.24885,0.75115,12349.498137,3073.172611
2024,F,98,0.27190,0.72810,9276.325525,2522.232910
2024,F,99,0.29559,0.70441,6754.092615,1996.442236
