year,sex,age,qx
2024,M,0,0.00261
2024,M,1,0.00024
2024,M,2,0.00018
2024,M,3,0.00013
2024,M,4,0.00010
2024,M,5,0.00009
2024,M,6,0.00008
2024,M,7,0.00007
2024,M,8,0.00006
2024,M,9,0.00006
2024,M,10,0.00008
2024,M,11,0.00009
2024,M,12,0.00012
2024,M,13,0.00014
2024,M,14,0.00016
2024,M,15,0.00018
2024,M,16,0.00022
2024,M,17,0.00025
2024,M,18,0.00028
2024,M,19,0.00030
2024,M,20,0.00032
2024,M,21,0.00035
2024,M,22,0.00038
2024,M,23,0.00043
2024,M,24,0.00047
2024,M,25,0.00051
2024,M,26,0.00055
2024,M,27,0.00059
2024,M,28,0.00062
2024,M,29,0.00065
2024,M,30,0.00068
2024,M,31,0.00071
2024,M,32,0.00074
2024,M,33,0.00077
2024,M,34,0.00079
2024,M,35,0.00083
2024,M,36,0.00089
2024,M,37,0.00097
2024,M,38,0.00106
2024,M,39,0.00115
2024,M,40,0.00123
2024,M,41,0.00133
2024,M,42,0.00143
2024,M,43,0.00154
2024,M,44,0.00167
2024,M,45,0.00181
2024,M,46,0.00196
2024,M,47,0.00214
2024,M,48,0.00236
2024,M,49,0.00259
2024,M,50,0.00284
2024,M,51,0.00309
2024,M,52,0.00335
2024,M,53,0.00365
2024,M,54,0.00400
2024,M,55,0.00439
2024,M,56,0.00477
2024,M,57,0.00513
2024,M,58,0.00553
2024,M,59,0.00596
2024,M,60,0.00645
2024,M,61,0.00699
2024,M,62,0.00759
2024,M,63,0.00819
2024,M,64,0.00878
2024,M,65,0.00941
2024,M,66,0.01020
2024,M,67,0.01117
2024,M,68,0.01229
2024,M,69,0.01364
2024,M,70,0.01523
2024,M,71,0.01705
2024,M,72,0.01910
2024,M,73,0.02120
2024,M,74,0.02360
2024,M,75,0.02609
2024,M,76,0.02895
2024,M,77,0.03224
2024,M,78,0.03632
2024,M,79,0.04188
2024,M,80,0.04870
2024,M,81,0.05645
2024,M,82,0.06476
2024,M,83,0.07352
2024,M,84,0.08355
2024,M,85,0.09463
2024,M,86,0.10678
2024,M,87,0.12003
2024,M,88,0.13441
2024,M,89,0.14993
2024,M,90,0.16661
2024,M,91,0.18444
2024,M,92,0.20340
2024,M,93,0.22346
2024,M,94,0.24455
2024,M,95,0.26662
2024,M,96,0.28957
2024,M,97,0.31330
2024,M,98,0.33768
2024,M,99,0.36256
2024,F,0,0.00214
2024,F,1,0.00024
2024,F,2,0.00016
2024,F,3,0.00010
2024,F,4,0.00008
2024,F,5,0.00008
2024,F,6,0.00008
2024,F,7,0.00008
2024,F,8,0.00006
2024,F,9,0.00005
2024,F,10,0.00005
2024,F,11,0.00006
2024,F,12,0.00008
2024,F,13,0.00011
2024,F,14,0.00014
2024,F,15,0.00016
2024,F,16,0.00019
2024,F,17,0.00022
2024,F,18,0.00025
2024,F,19,0.00026
2024,F,20,0.00027
2024,F,21,0.00028
2024,F,22,0.00030
2024,F,23,0.00031
2024,F,24,0.00031
2024,F,25,0.00031
2024,F,26,0.00033
2024,F,27,0.00035
2024,F,28,0.00038
2024,F,29,0.00040
2024,F,30,0.00041
2024,F,31,0.00041
2024,F,32,0.00042
2024,F,33,0.00043
2024,F,34,0.00045
2024,F,35,0.00048
2024,F,36,0.00052
2024,F,37,0.00058
2024,F,38,0.00064
2024,F,39,0.00072
2024,F,40,0.00078
2024,F,41,0.00083
2024,F,42,0.00086
2024,F,43,0.00088
2024,F,44,0.00090
2024,F,45,0.00094
2024,F,46,0.00102
2024,F,47,0.00111
2024,F,48,0.00120
2024,F,49,0.00128
2024,F,50,0.00136
2024,F,51,0.00146
2024,F,52,0.00155
2024,F,53,0.00162
2024,F,54,0.00168
2024,F,55,0.00174
2024,F,56,0.00183
2024,F,57,0.00194
2024,F,58,0.00207
2024,F,59,0.00218
2024,F,60,0.00230
2024,F,61,0.00247
2024,F,62,0.00270
2024,F,63,0.00299
2024,F,64,0.00328
2024,F,65,0.00355
2024,F,66,0.00386
2024,F,67,0.00423
2024,F,68,0.00471
2024,F,69,0.00531
2024,F,70,0.00599
2024,F,71,0.00678
2024,F,72,0.00770
2024,F,73,0.00876
2024,F,74,0.01008
2024,F,75,0.01156
2024,F,76,0.01335
2024,F,77,0.01547
2024,F,78,0.01812
2024,F,79,0.02152
2024,F,80,0.02558
2024,F,81,0.03030
2024,F,82,0.03585
2024,F,83,0.04217
2024,F,84,0.04959
2024,F,85,0.05787
2024,F,86,0.06720
2024,F,87,0.07764
2024,F,88,0.08924
2024,F,89,0.10206
2024,F,90,0.11613
2024,F,91,0.13147
2024,F,92,0.14809
2024,F,93,0.16596
2024,F,94,0.18505
2024,F,95,0.20529
2024,F,96,0.22660
2024,F,97,0.24885
2024,F,98,0.27190
2024,F,99,0.29559
