sex,age,kidi_9th_qx,kosis_2024_qx,difference_kidi_minus_kosis,ratio_kidi_to_kosis,kidi_lower_pct
M,50,0.00141,0.00284,-0.00143,0.4965,50.4
M,55,0.00216,0.00439,-0.00223,0.4920,50.8
M,60,0.00339,0.00645,-0.00306,0.5256,47.4
M,65,0.00557,0.00941,-0.00384,0.5919,40.8
M,70,0.00935,0.01523,-0.00588,0.6139,38.6
M,75,0.01707,0.02609,-0.00902,0.6543,34.6
M,80,0.03200,0.04870,-0.01670,0.6571,34.3
M,85,0.05303,0.09463,-0.04160,0.5604,44.0
M,90,0.08724,0.16661,-0.07937,0.5236,47.6
M,95,0.13538,0.26662,-0.13124,0.5078,49.2
F,50,0.00077,0.00136,-0.00059,0.5662,43.4
F,55,0.00105,0.00174,-0.00069,0.6034,39.7
F,60,0.00139,0.00230,-0.00091,0.6043,39.6
F,65,0.00208,0.00355,-0.00147,0.5859,41.4
F,70,0.00353,0.00599,-0.00246,0.5893,41.1
F,75,0.00729,0.01156,-0.00427,0.6306,36.9
F,80,0.01674,0.02558,-0.00884,0.6544,34.6
F,85,0.03430,0.05787,-0.02357,0.5927,40.7
F,90,0.06960,0.11613,-0.04653,0.5993,40.1
F,95,0.13291,0.20529,-0.07238,0.6474,35.3
