year,sex,start_age,term_years,end_age,survival_probability
2024,M,30,10,40,0.991443019301
2024,M,30,20,50,0.973681475460
2024,M,40,10,50,0.982085159213
2024,M,40,20,60,0.940932512622
2024,M,50,10,60,0.958096661777
2024,M,50,20,70,0.871104531942
2024,M,60,10,70,0.909203180321
2024,M,60,20,80,0.697195356546
2024,F,30,10,40,0.994951453876
2024,F,30,20,50,0.985243692966
2024,F,40,10,50,0.990242980326
2024,F,40,20,60,0.973117489806
2024,F,50,10,60,0.982705769331
2024,F,50,20,70,0.948462732872
2024,F,60,10,70,0.965154334565
2024,F,60,20,80,0.855869672970
